,open,high,low,close,adjclose,volume
2019-01-02,50.0099983215332,51.369998931884766,49.790000915527344,51.09000015258789,47.77407455444336,17319600.0
2019-01-03,50.79999923706055,50.939998626708984,48.400001525878906,49.0,45.819725036621094,30120000.0
2019-01-04,49.81999969482422,52.45000076293945,49.81999969482422,52.189998626708984,48.80268096923828,43360100.0
2019-01-07,52.869998931884766,53.650001525878906,51.720001220703125,51.90999984741211,48.540855407714844,20998900.0
2019-01-08,52.20000076293945,52.79999923706055,51.619998931884766,52.40999984741211,49.00840377807617,19925600.0
2019-01-09,53.15999984741211,54.060001373291016,52.83000183105469,53.689998626708984,50.205326080322266,27695500.0
2019-01-10,53.22999954223633,53.290000915527344,52.27000045776367,53.099998474121094,49.653621673583984,18113600.0
2019-01-11,53.2599983215332,53.459999084472656,52.380001068115234,52.380001068115234,48.98035430908203,12360400.0
2019-01-14,51.97999954223633,52.70000076293945,51.43000030517578,52.599998474121094,49.18606948852539,14626300.0
2019-01-15,52.849998474121094,53.20000076293945,51.869998931884766,52.349998474121094,48.95229721069336,14480300.0
2019-01-16,52.400001525878906,52.81999969482422,52.20000076293945,52.650001525878906,49.23283004760742,15375100.0
2019-01-17,52.439998626708984,54.709999084472656,52.27000045776367,54.22999954223633,50.71027755737305,25525500.0
2019-01-18,54.95000076293945,55.599998474121094,54.25,54.7599983215332,51.20587921142578,25815900.0
2019-01-21,54.849998474121094,55.349998474121094,54.38999938964844,55.279998779296875,51.69213104248047,10676600.0
2019-01-22,54.47999954223633,55.08000183105469,54.349998474121094,55.08000183105469,51.50511169433594,17154300.0
2019-01-23,55.459999084472656,55.900001525878906,55.33000183105469,55.650001525878906,52.03812026977539,13470400.0
2019-01-24,55.79999923706055,56.20000076293945,55.5,56.150001525878906,52.50566482543945,14118200.0
2019-01-28,45.0,45.0,42.36000061035156,42.36000061035156,39.610687255859375,183534500.0
2019-01-29,43.27000045776367,44.689998626708984,42.599998474121094,42.7400016784668,39.96602249145508,68335900.0
2019-01-30,46.25,46.79999923706055,44.97999954223633,46.599998474121094,43.57549285888672,67892500.0
2019-01-31,46.9900016784668,47.439998626708984,45.5,45.5,42.5468864440918,39814600.0
2019-02-01,45.720001220703125,46.33000183105469,45.58000183105469,46.25,43.24821090698242,21286700.0
2019-02-04,46.0,46.099998474121094,44.04999923706055,44.68000030517578,41.78010940551758,35888900.0
2019-02-05,44.45000076293945,45.209999084472656,43.810001373291016,44.52000045776367,41.6304931640625,21992300.0
2019-02-06,44.0,44.400001525878906,42.459999084472656,42.459999084472656,39.704193115234375,29257400.0
2019-02-07,42.150001525878906,42.790000915527344,41.209999084472656,41.59000015258789,38.89065933227539,31403200.0
2019-02-08,40.63999938964844,43.59000015258789,40.5099983215332,43.15999984741211,40.358760833740234,48169600.0
2019-02-11,43.86000061035156,44.04999923706055,41.88999938964844,42.02000045776367,39.29275131225586,30697300.0
2019-02-12,42.5,44.33000183105469,42.04999923706055,44.29999923706055,41.424774169921875,36421200.0
2019-02-13,44.310001373291016,45.9900016784668,44.29999923706055,45.4900016784668,42.537540435791016,38153200.0
2019-02-14,45.38999938964844,45.939998626708984,45.04999923706055,45.65999984741211,42.696502685546875,24055400.0
2019-02-15,45.400001525878906,46.02000045776367,45.189998626708984,45.880001068115234,42.902225494384766,27877700.0
2019-02-18,45.790000915527344,46.150001525878906,44.900001525878906,45.25,42.313114166259766,18777400.0
2019-02-19,45.5,45.939998626708984,45.22999954223633,45.4900016784668,42.537540435791016,20523500.0
2019-02-20,45.900001525878906,46.08000183105469,44.939998626708984,45.79999923706055,42.827415466308594,25493000.0
2019-02-21,45.84000015258789,46.09000015258789,45.130001068115234,45.380001068115234,42.43467712402344,21401300.0
2019-02-22,45.70000076293945,47.060001373291016,45.56999969482422,46.9900016784668,43.940181732177734,17580700.0
2019-02-25,47.349998474121094,47.75,46.400001525878906,47.119998931884766,44.06174087524414,16801500.0
2019-02-26,46.790000915527344,47.290000915527344,46.599998474121094,47.20000076293945,44.13655090332031,10362900.0
2019-02-27,47.25,47.25,46.34000015258789,46.83000183105469,43.79056930541992,15004800.0
2019-02-28,46.58000183105469,47.099998474121094,46.099998474121094,47.099998474121094,44.04304122924805,17877800.0
2019-03-01,47.290000915527344,47.5,44.54999923706055,46.7400016784668,43.7064094543457,29872100.0
2019-03-06,,,,,,
2019-03-07,47.83000183105469,48.959999084472656,47.720001220703125,48.86000061035156,45.688812255859375,21112500.0
2019-03-08,48.2599983215332,48.88999938964844,47.650001525878906,48.849998474121094,45.67946243286133,25446000.0
2019-03-11,48.900001525878906,49.95000076293945,48.61000061035156,49.880001068115234,46.642608642578125,20201600.0
2019-03-12,49.79999923706055,50.33000183105469,49.54999923706055,49.970001220703125,46.726768493652344,15591300.0
2019-03-13,49.939998626708984,51.0,49.70000076293945,50.70000076293945,47.409393310546875,21999200.0
2019-03-14,50.79999923706055,50.93000030517578,50.20000076293945,50.709999084472656,47.418739318847656,17257400.0
2019-03-15,50.79999923706055,51.2400016784668,50.400001525878906,50.54999923706055,47.269126892089844,26054400.0
2019-03-18,50.25,50.66999816894531,49.83000183105469,50.459999084472656,47.184967041015625,23021400.0
2019-03-19,50.70000076293945,52.38999938964844,50.59000015258789,51.900001525878906,48.5315055847168,32034400.0
2019-03-20,51.45000076293945,51.68000030517578,50.400001525878906,50.560001373291016,47.27847671508789,25667000.0
2019-03-21,50.529998779296875,51.470001220703125,50.5099983215332,50.88999938964844,47.587059020996094,19660000.0
2019-03-22,50.470001220703125,51.33000183105469,49.70000076293945,50.04999923706055,46.80157470703125,25714700.0
2019-03-25,49.599998474121094,50.310001373291016,49.15999984741211,49.54999923706055,46.33403015136719,15897500.0
2019-03-26,49.810001373291016,50.70000076293945,49.79999923706055,50.279998779296875,47.01664733886719,13413800.0
2019-03-27,50.04999923706055,50.7400016784668,49.310001373291016,49.599998474121094,46.38077926635742,20805100.0
2019-03-28,50.5099983215332,50.599998474121094,48.619998931884766,49.29999923706055,46.100250244140625,28490000.0
2019-03-29,49.95000076293945,51.599998474121094,49.95000076293945,50.93000030517578,47.62446212768555,25118100.0
2019-04-01,52.349998474121094,53.04999923706055,52.099998474121094,52.599998474121094,49.18606948852539,25392200.0
2019-04-02,53.04999923706055,53.29999923706055,51.630001068115234,51.630001068115234,48.279029846191406,21442400.0
2019-04-03,52.779998779296875,52.83000183105469,51.61000061035156,51.779998779296875,48.41929244995117,21477200.0
2019-04-04,52.0,52.459999084472656,51.619998931884766,52.15999984741211,48.77463150024414,14145700.0
2019-04-05,52.20000076293945,52.36000061035156,51.70000076293945,51.97999954223633,48.6063117980957,8359200.0
2019-04-08,52.5,53.38999938964844,52.36000061035156,53.38999938964844,49.92479705810547,14400900.0
2019-04-09,53.18000030517578,53.29999923706055,52.29999923706055,52.349998474121094,48.95229721069336,14745400.0
2019-04-10,52.7400016784668,52.7400016784668,51.52000045776367,51.7599983215332,48.40058898925781,15608000.0
2019-04-11,51.5,51.86000061035156,50.93000030517578,51.790000915527344,48.42864227294922,10274300.0
2019-04-12,52.09000015258789,52.720001220703125,51.310001373291016,51.47999954223633,48.138763427734375,16905900.0
2019-04-15,51.59000015258789,51.720001220703125,50.779998779296875,51.33000183105469,47.99850082397461,15787300.0
2019-04-16,51.27000045776367,53.15999984741211,50.84000015258789,53.099998474121094,49.653621673583984,18935600.0
2019-04-17,53.15999984741211,53.79999923706055,51.70000076293945,52.25,48.85879135131836,26483700.0
2019-04-18,52.20000076293945,52.970001220703125,52.0099983215332,52.58000183105469,49.1673698425293,10706000.0
2019-04-22,51.95000076293945,52.0,50.79999923706055,51.29999923706055,47.97044372558594,16324700.0
2019-04-23,51.59000015258789,51.91999816894531,51.279998779296875,51.91999816894531,48.55020523071289,9890800.0
2019-04-24,51.54999923706055,51.7400016784668,50.15999984741211,50.36000061035156,47.09145736694336,19992800.0
2019-04-25,50.22999954223633,50.43000030517578,49.380001068115234,50.33000183105469,47.06340408325195,15916200.0
2019-04-26,50.47999954223633,50.650001525878906,49.52000045776367,50.41999816894531,47.147560119628906,10632700.0
2019-04-29,50.939998626708984,51.060001373291016,50.119998931884766,50.25,46.98859786987305,8729200.0
2019-04-30,50.220001220703125,50.689998626708984,49.7599983215332,50.099998474121094,46.848331451416016,11371400.0
2019-05-02,49.279998779296875,49.279998779296875,48.720001220703125,48.939998626708984,45.763614654541016,15906200.0
2019-05-03,49.45000076293945,50.630001068115234,49.38999938964844,50.400001525878906,47.12886428833008,10614000.0
2019-05-06,49.599998474121094,49.75,49.09000015258789,49.65999984741211,46.4368896484375,10437300.0
2019-05-07,49.349998474121094,49.70000076293945,48.720001220703125,49.70000076293945,46.47429656982422,15190600.0
2019-05-08,49.81999969482422,50.13999938964844,48.939998626708984,49.0,45.819725036621094,18474900.0
2019-05-09,49.0,49.0099983215332,48.04999923706055,48.540000915527344,45.38957977294922,12456600.0
2019-05-10,48.29999923706055,49.79999923706055,48.060001373291016,49.459999084472656,46.24987030029297,25272300.0
2019-05-13,48.529998779296875,48.75,47.43000030517578,47.43000030517578,44.35162353515625,18657700.0
2019-05-14,48.18000030517578,48.349998474121094,47.349998474121094,47.59000015258789,44.50123977661133,14183900.0
2019-05-15,47.150001525878906,48.45000076293945,47.02000045776367,47.95000076293945,44.83787536621094,18447400.0
2019-05-16,48.54999923706055,48.93000030517578,45.81999969482422,46.400001525878906,43.38847732543945,49247900.0
2019-05-17,46.400001525878906,47.720001220703125,46.29999923706055,47.720001220703125,44.622802734375,34079700.0
2019-05-20,47.619998931884766,47.7400016784668,46.630001068115234,46.75,43.715755462646484,23909600.0
2019-05-21,47.099998474121094,47.959999084472656,46.09000015258789,47.40999984741211,44.33292007446289,32381300.0
2019-05-22,47.779998779296875,48.689998626708984,47.369998931884766,47.459999084472656,44.379676818847656,21087400.0
2019-05-23,47.06999969482422,47.900001525878906,46.41999816894531,47.81999969482422,44.716312408447266,15786300.0
2019-05-24,48.63999938964844,49.43000030517578,48.310001373291016,48.310001373291016,45.17451095581055,24936500.0
2019-05-27,49.0,50.25,48.900001525878906,50.189998626708984,46.932491302490234,17281600.0
2019-05-28,49.95000076293945,50.95000076293945,49.849998474121094,50.25,46.98859786987305,37041000.0
2019-05-29,49.52000045776367,49.849998474121094,49.150001525878906,49.70000076293945,46.47429656982422,17842500.0
2019-05-30,49.709999084472656,50.130001068115234,49.439998626708984,50.0099983215332,46.7641716003418,12877800.0
2019-05-31,49.5099983215332,51.0,48.709999084472656,49.0,45.819725036621094,28857900.0
2019-06-03,49.349998474121094,49.599998474121094,48.439998626708984,48.83000183105469,45.660762786865234,22451600.0
2019-06-04,49.18000030517578,49.349998474121094,48.29999923706055,49.11000061035156,45.922584533691406,19537300.0
2019-06-05,49.279998779296875,49.43000030517578,47.86000061035156,48.38999938964844,45.24931335449219,14392200.0
2019-06-06,48.88999938964844,48.939998626708984,48.310001373291016,48.79999923706055,45.63270568847656,10869100.0
2019-06-07,49.04999923706055,49.099998474121094,48.36000061035156,48.65999984741211,45.501792907714844,11626500.0
2019-06-10,48.95000076293945,49.22999954223633,48.33000183105469,48.34000015258789,45.20256423950195,11670100.0
2019-06-11,49.7599983215332,51.47999954223633,49.65999984741211,51.43000030517578,48.092010498046875,44669000.0
2019-06-12,51.54999923706055,52.09000015258789,50.93000030517578,51.4900016784668,48.14811706542969,24531300.0
2019-06-13,51.900001525878906,52.25,51.59000015258789,51.849998474121094,48.48474884033203,18058600.0
2019-06-14,51.70000076293945,51.81999969482422,51.150001525878906,51.400001525878906,48.063961029052734,20375200.0
2019-06-17,51.0,51.33000183105469,50.20000076293945,50.20000076293945,46.94184112548828,20551200.0
2019-06-18,51.0,52.41999816894531,51.0,52.0,48.6250114440918,27229300.0
2019-06-19,53.0,53.099998474121094,51.83000183105469,52.29999923706055,48.905540466308594,23746400.0
2019-06-21,52.75,52.93000030517578,52.099998474121094,52.439998626708984,49.03645706176758,20492800.0
2019-06-24,52.47999954223633,52.47999954223633,52.099998474121094,52.400001525878906,48.99905776977539,9338300.0
2019-06-25,52.189998626708984,52.470001220703125,51.34000015258789,51.380001068115234,48.045257568359375,12449700.0
2019-06-26,51.5,52.040000915527344,51.369998931884766,51.58000183105469,48.232276916503906,13277900.0
2019-06-27,52.150001525878906,52.150001525878906,51.52000045776367,51.70000076293945,48.344486236572266,14941500.0
2019-06-28,52.06999969482422,52.20000076293945,51.689998626708984,51.81999969482422,48.456695556640625,11106100.0
2019-07-01,53.099998474121094,53.790000915527344,53.099998474121094,53.650001525878906,50.16792678833008,22807300.0
2019-07-02,54.099998474121094,54.15999984741211,50.02000045776367,51.38999938964844,48.054603576660156,48452700.0
2019-07-03,51.77000045776367,51.970001220703125,51.150001525878906,51.290000915527344,47.961097717285156,19929700.0
2019-07-04,51.68000030517578,52.099998474121094,51.150001525878906,51.66999816894531,48.31643295288086,16192600.0
2019-07-05,50.400001525878906,50.58000183105469,49.7599983215332,50.36000061035156,47.09145736694336,27847600.0
2019-07-08,50.650001525878906,51.599998474121094,50.459999084472656,50.95000076293945,47.643165588378906,12777600.0
2019-07-10,51.61000061035156,52.560001373291016,51.400001525878906,52.130001068115234,48.746578216552734,28106700.0
2019-07-11,51.869998931884766,52.5,51.720001220703125,52.04999923706055,48.67176818847656,18567500.0
2019-07-12,52.459999084472656,52.779998779296875,51.72999954223633,51.810001373291016,48.44734573364258,22248600.0
2019-07-15,52.459999084472656,52.93000030517578,52.25,52.689998626708984,49.27022933959961,20144200.0
2019-07-16,53.20000076293945,53.470001220703125,52.790000915527344,53.04999923706055,49.60686492919922,17393700.0
2019-07-17,52.9900016784668,53.119998931884766,52.459999084472656,52.689998626708984,49.27022933959961,13876700.0
2019-07-18,52.61000061035156,52.81999969482422,52.22999954223633,52.59000015258789,49.17672348022461,12217200.0
2019-07-19,52.810001373291016,53.22999954223633,52.54999923706055,52.720001220703125,49.29828643798828,11523100.0
2019-07-22,52.18000030517578,52.65999984741211,51.810001373291016,52.45000076293945,49.045806884765625,11348100.0
2019-07-23,52.400001525878906,52.599998474121094,51.7599983215332,51.7599983215332,48.40058898925781,11146800.0
2019-07-24,51.09000015258789,51.2599983215332,50.54999923706055,50.650001525878906,47.36263656616211,25121800.0
2019-07-25,51.0,51.119998931884766,50.099998474121094,50.4900016784668,47.21302032470703,12761900.0
2019-07-26,51.0,51.04999923706055,50.18000030517578,50.22999954223633,46.96989440917969,12604500.0
2019-07-29,50.29999923706055,50.599998474121094,49.79999923706055,50.2599983215332,46.99794387817383,8462200.0
2019-07-30,50.16999816894531,50.58000183105469,50.0099983215332,50.0099983215332,46.7641716003418,10182500.0
2019-07-31,50.380001068115234,50.54999923706055,49.220001220703125,49.810001373291016,46.577152252197266,23244900.0
2019-08-01,49.2400016784668,49.34000015258789,48.25,48.400001525878906,45.258670806884766,45701400.0
2019-08-02,48.20000076293945,48.290000915527344,47.40999984741211,47.84000015258789,44.73501205444336,19834300.0
2019-08-05,46.599998474121094,46.599998474121094,45.7599983215332,46.0,43.01443862915039,36490300.0
2019-08-06,46.459999084472656,46.970001220703125,46.290000915527344,46.619998931884766,43.59419631958008,21913400.0
2019-08-07,45.849998474121094,46.47999954223633,45.45000076293945,46.47999954223633,43.463279724121094,20828200.0
2019-08-08,47.29999923706055,47.4900016784668,46.91999816894531,47.18000030517578,44.11784744262695,24237600.0
2019-08-09,46.70000076293945,46.810001373291016,45.4900016784668,45.4900016784668,42.537540435791016,24707500.0
2019-08-12,45.150001525878906,45.9900016784668,45.029998779296875,45.15999984741211,42.22895431518555,16409000.0
2019-08-13,45.54999923706055,46.79999923706055,45.349998474121094,46.5,43.48198318481445,19989100.0
2019-08-14,45.97999954223633,45.97999954223633,44.72999954223633,44.880001068115234,41.96712875366211,24950100.0
2019-08-15,45.0099983215332,45.5,43.16999816894531,43.88999938964844,41.0413818359375,24570500.0
2019-08-16,44.45000076293945,44.70000076293945,43.47999954223633,43.689998626708984,40.8543586730957,19541100.0
2019-08-19,44.290000915527344,44.43000030517578,43.209999084472656,43.650001525878906,40.816959381103516,27533700.0
2019-08-20,43.5099983215332,44.4900016784668,42.900001525878906,43.84000015258789,40.994625091552734,16865100.0
2019-08-21,43.599998474121094,44.33000183105469,43.06999969482422,44.150001525878906,41.28451156616211,16171800.0
2019-08-22,44.380001068115234,44.380001068115234,43.54999923706055,43.88999938964844,41.0413818359375,12254400.0
2019-08-23,43.83000183105469,44.59000015258789,42.900001525878906,43.279998779296875,40.47097396850586,26087800.0
2019-08-26,43.4900016784668,43.650001525878906,42.540000915527344,42.79999923706055,40.022125244140625,13270500.0
2019-08-27,43.150001525878906,43.90999984741211,42.439998626708984,43.31999969482422,40.50837707519531,27809400.0
2019-08-28,43.310001373291016,44.16999816894531,43.040000915527344,43.47999954223633,40.657989501953125,13467000.0
2019-08-29,44.11000061035156,45.25,43.959999084472656,45.099998474121094,42.172847747802734,23487000.0
2019-08-30,45.9900016784668,46.33000183105469,45.27000045776367,45.56999969482422,42.612342834472656,27305700.0
2019-09-02,46.54999923706055,46.66999816894531,45.849998474121094,46.0099983215332,43.02378463745117,12757600.0
2019-09-03,46.0,46.04999923706055,45.34000015258789,45.52000045776367,42.565589904785156,13227000.0
2019-09-04,46.04999923706055,46.52000045776367,45.970001220703125,46.52000045776367,43.50068664550781,12439100.0
2019-09-05,46.95000076293945,47.189998626708984,46.52000045776367,46.52000045776367,43.50068664550781,20284900.0
2019-09-06,46.45000076293945,46.689998626708984,46.09000015258789,46.45000076293945,43.43523025512695,10419000.0
2019-09-09,46.70000076293945,47.88999938964844,46.290000915527344,47.88999938964844,44.781768798828125,24430000.0
2019-09-10,47.880001068115234,48.5,47.20000076293945,48.2400016784668,45.10905075073242,21440800.0
2019-09-11,48.599998474121094,48.599998474121094,47.58000183105469,47.95000076293945,44.83787536621094,16872500.0
2019-09-12,48.619998931884766,49.77000045776367,48.599998474121094,49.689998626708984,46.46493911743164,39340500.0
2019-09-13,49.959999084472656,50.29999923706055,49.65999984741211,49.790000915527344,46.55845260620117,22067600.0
2019-09-16,49.400001525878906,49.439998626708984,48.349998474121094,48.59000015258789,45.436336517333984,26369500.0
2019-09-17,48.25,49.150001525878906,48.22999954223633,48.900001525878906,45.72621536254883,14473900.0
2019-09-18,49.0,49.0,47.97999954223633,48.400001525878906,45.258670806884766,15335300.0
2019-09-19,48.400001525878906,48.58000183105469,47.7599983215332,48.31999969482422,45.183860778808594,15680000.0
2019-09-20,48.65999984741211,48.7400016784668,48.0,48.41999816894531,45.277366638183594,23870900.0
2019-09-23,48.189998626708984,48.58000183105469,47.959999084472656,48.099998474121094,44.9781379699707,11946300.0
2019-09-24,47.709999084472656,47.880001068115234,46.779998779296875,46.93000030517578,43.88407516479492,15322500.0
2019-09-25,47.029998779296875,48.02000045776367,46.83000183105469,47.86000061035156,44.75371551513672,14554600.0
2019-09-26,48.099998474121094,48.279998779296875,47.529998779296875,47.86000061035156,44.75371551513672,12257300.0
2019-09-27,48.150001525878906,48.349998474121094,47.27000045776367,47.65999984741211,44.56669616699219,13450600.0
2019-09-30,47.650001525878906,48.040000915527344,47.209999084472656,47.75,44.65085220336914,12116600.0
2019-10-01,47.849998474121094,48.880001068115234,47.65999984741211,47.709999084472656,44.61344909667969,16083800.0
2019-10-02,46.900001525878906,46.900001525878906,45.099998474121094,45.099998474121094,42.172847747802734,24637800.0
2019-10-03,45.31999969482422,45.810001373291016,44.220001220703125,45.439998626708984,42.490779876708984,24569900.0
2019-10-04,45.70000076293945,46.790000915527344,45.68000030517578,46.59000015258789,43.56614303588867,21339100.0
2019-10-07,46.29999923706055,46.97999954223633,46.040000915527344,46.040000915527344,43.051841735839844,12531500.0
2019-10-08,46.29999923706055,46.369998931884766,45.31999969482422,45.31999969482422,42.378570556640625,14671300.0
2019-10-09,45.66999816894531,46.040000915527344,45.33000183105469,45.66999816894531,42.70585250854492,9509400.0
2019-10-10,46.060001373291016,47.45000076293945,46.060001373291016,47.2400016784668,44.173954010009766,15441700.0
2019-10-11,48.029998779296875,48.91999816894531,48.0,48.63999938964844,45.483089447021484,24527700.0
2019-10-14,48.20000076293945,48.25,47.560001373291016,47.9900016784668,44.87527847290039,11520400.0
2019-10-15,47.880001068115234,48.290000915527344,47.529998779296875,47.90999984741211,44.800472259521484,14669700.0
2019-10-16,47.38999938964844,47.52000045776367,46.63999938964844,46.79999923706055,43.76251220703125,24417100.0
2019-10-17,46.9900016784668,47.04999923706055,46.61000061035156,46.709999084472656,43.67835235595703,14158400.0
2019-10-18,46.88999938964844,47.18000030517578,46.02000045776367,46.029998779296875,43.04248809814453,16452100.0
2019-10-21,46.41999816894531,47.209999084472656,46.2599983215332,47.209999084472656,44.14590072631836,13486800.0
2019-10-22,47.279998779296875,47.540000915527344,47.099998474121094,47.29999923706055,44.23006057739258,15194800.0
2019-10-23,47.599998474121094,47.83000183105469,47.029998779296875,47.11000061035156,44.052391052246094,12362800.0
2019-10-24,47.459999084472656,47.56999969482422,46.52000045776367,46.75,43.715755462646484,14646600.0
2019-10-25,47.75,48.560001373291016,47.54999923706055,48.560001373291016,45.40828323364258,21754000.0
2019-10-28,48.650001525878906,48.79999923706055,48.34000015258789,48.70000076293945,45.53919982910156,10932200.0
2019-10-29,48.40999984741211,48.79999923706055,48.08000183105469,48.650001525878906,45.4924430847168,10091200.0
2019-10-30,48.400001525878906,48.619998931884766,47.689998626708984,48.59000015258789,45.436336517333984,15325200.0
2019-10-31,48.099998474121094,48.47999954223633,46.86000061035156,47.20000076293945,44.13655090332031,21765000.0
2019-11-01,47.79999923706055,48.70000076293945,47.7599983215332,48.439998626708984,45.29607009887695,20151300.0
2019-11-04,49.08000183105469,49.81999969482422,49.08000183105469,49.81999969482422,46.58650588989258,20980000.0
2019-11-05,50.06999969482422,50.279998779296875,49.43000030517578,49.869998931884766,46.63325881958008,15951200.0
2019-11-06,49.900001525878906,49.970001220703125,48.900001525878906,49.689998626708984,46.46493911743164,14879300.0
2019-11-07,49.84000015258789,50.529998779296875,49.540000915527344,50.11000061035156,46.85768127441406,26788900.0
2019-11-08,49.33000183105469,49.54999923706055,48.810001373291016,49.18000030517578,45.988040924072266,19854000.0
2019-11-11,48.439998626708984,48.439998626708984,47.959999084472656,48.130001068115234,45.00619125366211,20385800.0
2019-11-12,48.29999923706055,48.4900016784668,47.900001525878906,47.900001525878906,44.79111862182617,13130500.0
2019-11-13,47.650001525878906,48.060001373291016,46.970001220703125,47.119998931884766,44.06174087524414,16882100.0
2019-11-14,47.349998474121094,47.58000183105469,46.959999084472656,47.0,43.94953536987305,14155900.0
2019-11-18,47.720001220703125,48.04999923706055,47.47999954223633,47.61000061035156,44.51994323730469,16777800.0
2019-11-19,48.11000061035156,48.4900016784668,47.720001220703125,48.16999816894531,45.04359436035156,13108100.0
2019-11-21,47.7599983215332,48.41999816894531,47.70000076293945,48.41999816894531,45.277366638183594,15624200.0
2019-11-22,48.54999923706055,50.029998779296875,48.54999923706055,50.029998779296875,46.78287124633789,27680500.0
2019-11-25,50.540000915527344,51.18000030517578,50.43000030517578,50.86000061035156,47.55900573730469,24507100.0
2019-11-26,50.599998474121094,51.5,50.459999084472656,51.220001220703125,47.8956413269043,32446500.0
2019-11-27,50.93000030517578,51.20000076293945,50.130001068115234,50.58000183105469,47.29718017578125,13507600.0
2019-11-28,50.560001373291016,50.880001068115234,49.689998626708984,50.369998931884766,47.100807189941406,10145300.0
2019-11-29,50.369998931884766,50.470001220703125,49.81999969482422,49.97999954223633,46.73611831665039,10290800.0
2019-12-02,50.150001525878906,51.689998626708984,50.11000061035156,51.34000015258789,48.007850646972656,23952200.0
2019-12-03,51.25,51.2599983215332,50.25,50.41999816894531,47.147560119628906,13479700.0
2019-12-04,50.83000183105469,51.029998779296875,50.529998779296875,50.91999816894531,47.615108489990234,9105800.0
2019-12-05,50.70000076293945,51.08000183105469,50.54999923706055,50.95000076293945,47.643165588378906,9503500.0
2019-12-06,51.25,51.689998626708984,51.029998779296875,51.349998474121094,48.0172004699707,13892600.0
2019-12-09,52.25,52.4900016784668,51.33000183105469,51.439998626708984,48.10136032104492,19388300.0
2019-12-10,51.220001220703125,51.43000030517578,50.900001525878906,51.20000076293945,47.87693786621094,13878600.0
2019-12-11,51.380001068115234,52.04999923706055,51.220001220703125,51.83000183105469,48.46604919433594,15572100.0
2019-12-12,52.099998474121094,53.060001373291016,51.72999954223633,52.95000076293945,49.51335906982422,25140900.0
2019-12-13,53.29999923706055,54.0,52.84000015258789,53.7599983215332,50.270782470703125,28172500.0
2019-12-16,54.5,54.66999816894531,53.34000015258789,53.34000015258789,49.87804412841797,21806800.0
2019-12-17,53.25,53.709999084472656,53.04999923706055,53.41999816894531,49.952850341796875,13570300.0
2019-12-18,53.279998779296875,53.540000915527344,52.599998474121094,53.470001220703125,49.99960708618164,22924500.0
2019-12-19,53.5,54.2400016784668,53.220001220703125,54.0,50.49520492553711,17683200.0
2019-12-20,54.77000045776367,54.9900016784668,54.150001525878906,54.790000915527344,51.23393249511719,42124200.0
2019-12-23,54.900001525878906,54.97999954223633,54.400001525878906,54.58000183105469,51.03756332397461,10225700.0
2019-12-26,54.810001373291016,55.0,54.5099983215332,54.790000915527344,51.23393249511719,20410000.0
2019-12-27,53.9900016784668,54.0,53.41999816894531,53.599998474121094,51.44928741455078,13920400.0
2019-12-30,53.650001525878906,53.86000061035156,53.20000076293945,53.29999923706055,51.16132736206055,11928100.0
2020-01-02,53.97999954223633,54.439998626708984,53.75,54.33000183105469,52.150001525878906,17509700.0
2020-01-03,53.68000030517578,54.5,53.58000183105469,53.93000030517578,51.766048431396484,17284800.0
2020-01-06,53.79999923706055,53.79999923706055,53.150001525878906,53.61000061035156,51.45888900756836,32787800.0
2020-01-07,53.5,54.189998626708984,53.400001525878906,54.0,51.8332405090332,16326400.0
2020-01-08,54.20000076293945,54.369998931884766,53.619998931884766,54.0099983215332,51.842838287353516,15298500.0
2020-01-09,53.75,53.869998931884766,53.04999923706055,53.29999923706055,51.16132736206055,14638000.0
2020-01-10,53.75,53.869998931884766,53.11000061035156,53.36000061035156,51.21892166137695,9129200.0
2020-01-13,53.63999938964844,55.63999938964844,53.5099983215332,55.29999923706055,53.081077575683594,27497400.0
2020-01-14,55.29999923706055,56.349998474121094,55.0,55.63999938964844,53.407432556152344,27817000.0
2020-01-15,55.29999923706055,56.08000183105469,55.11000061035156,55.459999084472656,53.234657287597656,21425300.0
2020-01-16,55.599998474121094,55.95000076293945,55.099998474121094,55.16999816894531,52.95629119873047,13149100.0
2020-01-17,56.25,57.09000015258789,56.099998474121094,57.0,54.71286392211914,36524100.0
2020-01-20,57.0,57.36000061035156,56.529998779296875,57.36000061035156,55.05841827392578,16746300.0
2020-01-21,56.79999923706055,57.0099983215332,55.7400016784668,56.029998779296875,53.78178405761719,25436800.0
2020-01-22,56.599998474121094,56.849998474121094,56.060001373291016,56.29999923706055,54.040950775146484,17269400.0
2020-01-23,55.43000030517578,55.72999954223633,54.709999084472656,55.5,53.27305221557617,23028900.0
2020-01-24,55.619998931884766,55.72999954223633,53.689998626708984,53.79999923706055,51.641265869140625,19744800.0
2020-01-27,51.65999984741211,51.81999969482422,50.47999954223633,50.5099983215332,48.4832763671875,38779700.0
2020-01-28,51.20000076293945,52.09000015258789,51.08000183105469,51.20000076293945,49.145591735839844,23046400.0
2020-01-29,51.70000076293945,51.88999938964844,50.459999084472656,50.75,48.713645935058594,23323000.0
2020-01-30,49.970001220703125,51.5,49.79999923706055,51.5,49.43355178833008,23083200.0
2020-01-31,50.959999084472656,51.060001373291016,49.79999923706055,50.27000045776367,48.252906799316406,29988200.0
2020-02-03,50.5,51.09000015258789,49.79999923706055,50.90999984741211,48.867225646972656,18858200.0
2020-02-04,52.20000076293945,52.58000183105469,51.970001220703125,52.27000045776367,50.17265701293945,21559200.0
2020-02-05,53.31999969482422,53.619998931884766,52.9900016784668,52.9900016784668,50.86376953125,26797700.0
2020-02-06,53.65999984741211,53.91999816894531,52.81999969482422,53.279998779296875,51.142127990722656,22155800.0
2020-02-07,52.880001068115234,52.959999084472656,51.91999816894531,52.099998474121094,50.00947570800781,14450900.0
2020-02-10,51.900001525878906,51.900001525878906,49.91999816894531,50.189998626708984,48.176116943359375,28244800.0
2020-02-11,51.150001525878906,52.20000076293945,51.02000045776367,52.04999923706055,49.961483001708984,27560600.0
2020-02-12,53.099998474121094,53.380001068115234,52.83000183105469,53.06999969482422,50.940555572509766,28539800.0
2020-02-13,52.220001220703125,52.400001525878906,51.560001373291016,52.13999938964844,50.04787063598633,20105600.0
2020-02-14,52.209999084472656,52.279998779296875,50.95000076293945,51.0,48.953617095947266,19896200.0
2020-02-17,51.709999084472656,53.40999984741211,51.619998931884766,53.40999984741211,51.26691436767578,28134200.0
2020-02-18,52.54999923706055,53.04999923706055,52.119998931884766,52.79999923706055,50.68138885498047,18054400.0
2020-02-19,52.93000030517578,53.119998931884766,52.400001525878906,52.810001373291016,50.69099044799805,14439700.0
2020-02-20,53.27000045776367,53.4900016784668,52.060001373291016,52.20000076293945,50.105464935302734,18818800.0
2020-02-21,51.0,51.13999938964844,49.79999923706055,50.130001068115234,48.118526458740234,32249900.0
2020-02-26,,,,,,
2020-02-27,44.650001525878906,45.540000915527344,43.560001373291016,44.470001220703125,42.68563461303711,42419000.0
2020-02-28,43.9900016784668,44.310001373291016,43.20000076293945,44.310001373291016,42.53205490112305,33228600.0
2020-03-02,44.880001068115234,47.09000015258789,44.810001373291016,46.36000061035156,44.49979782104492,48372500.0
2020-03-03,46.7400016784668,49.09000015258789,46.06999969482422,46.349998474121094,44.490196228027344,52401800.0
2020-03-04,48.0,49.09000015258789,47.0,48.56999969482422,46.62112045288086,31476600.0
2020-03-05,47.65999984741211,47.95000076293945,45.95000076293945,46.849998474121094,44.97013473510742,29092300.0
2020-03-06,44.20000076293945,45.81999969482422,43.650001525878906,44.61000061035156,42.82001495361328,39718600.0
2020-03-09,40.45000076293945,41.540000915527344,37.810001373291016,37.83000183105469,36.31206512451172,59037000.0
2020-03-10,41.900001525878906,45.34000015258789,40.79999923706055,44.810001373291016,43.01198959350586,63269800.0
2020-03-11,43.0099983215332,44.290000915527344,39.0,40.7400016784668,39.10530090332031,50025000.0
2020-03-12,36.0,36.0,32.45000076293945,35.349998474121094,33.93157196044922,62222000.0
2020-03-13,42.0,44.029998779296875,37.0,42.900001525878906,41.17863082885742,67635900.0
2020-03-16,36.0099983215332,41.400001525878906,36.0099983215332,39.040000915527344,37.473514556884766,59078300.0
2020-03-17,40.5,43.56999969482422,39.11000061035156,41.5099983215332,39.84440231323242,52743800.0
2020-03-18,38.79999923706055,40.869998931884766,35.70000076293945,38.650001525878906,37.09916305541992,59689100.0
2020-03-19,37.5,39.0,35.2599983215332,36.400001525878906,34.93944549560547,52645400.0
2020-03-20,37.900001525878906,39.40999984741211,34.709999084472656,35.189998626708984,33.777992248535156,50479900.0
2020-03-23,35.54999923706055,35.86000061035156,33.369998931884766,34.099998474121094,32.73173141479492,41958300.0
2020-03-24,36.86000061035156,38.650001525878906,36.86000061035156,37.63999938964844,36.12968826293945,37044800.0
2020-03-25,38.189998626708984,41.349998474121094,38.09000015258789,40.849998474121094,39.21088409423828,38064400.0
2020-03-26,41.0099983215332,42.40999984741211,39.9900016784668,42.0,40.31474304199219,36253000.0
2020-03-27,39.29999923706055,41.439998626708984,39.20000076293945,40.099998474121094,38.4909782409668,32331200.0
2020-03-30,40.91999816894531,42.31999969482422,40.7400016784668,41.77000045776367,40.093971252441406,31298300.0
2020-03-31,42.29999923706055,44.4900016784668,42.220001220703125,43.220001220703125,41.48579025268555,39238000.0
2020-04-01,41.810001373291016,44.119998931884766,41.20000076293945,43.369998931884766,41.62976837158203,37092100.0
2020-04-02,43.95000076293945,44.56999969482422,41.91999816894531,42.779998779296875,41.06344223022461,34372600.0
2020-04-03,42.79999923706055,42.869998931884766,39.7599983215332,40.5,38.87493133544922,31650000.0
2020-04-06,42.599998474121094,43.38999938964844,41.970001220703125,43.130001068115234,41.3994026184082,32019300.0
2020-04-07,45.189998626708984,45.5,43.560001373291016,43.779998779296875,42.023319244384766,34191900.0
2020-04-08,43.5,44.25,43.04999923706055,43.5099983215332,41.76415252685547,29464500.0
2020-04-09,43.95000076293945,44.470001220703125,42.84000015258789,43.279998779296875,41.54338073730469,29827800.0
2020-04-13,43.20000076293945,44.56999969482422,42.97999954223633,44.56999969482422,42.781620025634766,22066800.0
2020-04-14,45.619998931884766,46.0,44.5,44.529998779296875,42.74322509765625,24713600.0
2020-04-15,43.5,43.900001525878906,42.61000061035156,43.189998626708984,41.456993103027344,28808700.0
2020-04-16,43.79999923706055,43.9900016784668,42.040000915527344,42.7599983215332,41.044246673583984,24442900.0
2020-04-17,43.900001525878906,44.22999954223633,43.220001220703125,44.0,42.234493255615234,23604600.0
2020-04-20,43.2599983215332,43.2599983215332,42.22999954223633,42.459999084472656,40.756282806396484,29050700.0
2020-04-22,42.599998474121094,43.2400016784668,42.04999923706055,42.900001525878906,41.17863082885742,22693600.0
2020-04-23,43.290000915527344,44.689998626708984,42.810001373291016,43.5099983215332,41.76415252685547,27171100.0
2020-04-24,43.369998931884766,44.20000076293945,41.83000183105469,43.7599983215332,42.004119873046875,55165900.0
2020-04-27,44.459999084472656,45.04999923706055,43.86000061035156,44.54999923706055,42.762420654296875,25580600.0
2020-04-28,45.20000076293945,45.290000915527344,43.47999954223633,44.61000061035156,42.82001495361328,25680000.0
2020-04-29,45.349998474121094,47.380001068115234,44.84000015258789,46.72999954223633,44.854949951171875,33207500.0
2020-04-30,45.709999084472656,46.16999816894531,44.7599983215332,44.86000061035156,43.05998611450195,25720300.0
2020-05-04,43.70000076293945,44.33000183105469,43.400001525878906,43.93000030517578,42.167301177978516,16994300.0
2020-05-05,44.45000076293945,45.029998779296875,43.70000076293945,43.70000076293945,41.946529388427734,19070600.0
2020-05-06,44.189998626708984,44.7599983215332,43.61000061035156,44.33000183105469,42.55125045776367,26602700.0
2020-05-07,45.630001068115234,46.97999954223633,45.45000076293945,46.04999923706055,44.202232360839844,42194300.0
2020-05-08,47.5,48.959999084472656,46.970001220703125,48.849998474121094,46.8898811340332,33922800.0
2020-05-11,48.209999084472656,49.25,47.72999954223633,47.72999954223633,45.814823150634766,24783100.0
2020-05-12,48.43000030517578,48.599998474121094,47.459999084472656,47.459999084472656,45.55565643310547,21806900.0
2020-05-13,48.16999816894531,49.18000030517578,47.65999984741211,48.540000915527344,46.592323303222656,34159500.0
2020-05-14,47.95000076293945,48.459999084472656,46.939998626708984,48.09000015258789,46.16038131713867,35513400.0
2020-05-15,48.689998626708984,49.29999923706055,48.04999923706055,48.04999923706055,46.12198257446289,35196100.0
2020-05-18,50.34000015258789,51.599998474121094,49.95000076293945,51.2599983215332,49.203182220458984,41936200.0
2020-05-19,51.29999923706055,52.709999084472656,51.09000015258789,52.29999923706055,50.20145034790039,27704400.0
2020-05-20,53.369998931884766,53.66999816894531,52.5,52.5,50.393428802490234,27014500.0
2020-05-21,52.290000915527344,52.65999984741211,50.369998931884766,51.130001068115234,49.078399658203125,41802300.0
2020-05-22,50.77000045776367,51.099998474121094,49.900001525878906,50.27000045776367,48.252906799316406,23933600.0
2020-05-25,51.40999984741211,51.68000030517578,49.91999816894531,50.099998474121094,48.089725494384766,21162000.0
2020-05-26,50.380001068115234,50.52000045776367,48.84000015258789,49.20000076293945,47.2258415222168,28917800.0
2020-05-27,49.84000015258789,50.83000183105469,48.779998779296875,50.63999938964844,48.60805892944336,31932100.0
2020-05-28,51.0,51.650001525878906,50.04999923706055,50.09000015258789,48.08012771606445,23530900.0
2020-05-29,51.400001525878906,53.0,51.060001373291016,53.0,50.87336349487305,92646300.0
2020-06-01,52.81999969482422,53.849998474121094,52.5,53.41999816894531,51.276512145996094,27152300.0
2020-06-02,53.79999923706055,53.79999923706055,53.0,53.41999816894531,51.276512145996094,25602700.0
2020-06-03,53.900001525878906,54.34000015258789,53.380001068115234,53.65999984741211,51.50688171386719,31584300.0
2020-06-04,53.720001220703125,55.70000076293945,53.52000045776367,55.65999984741211,53.426631927490234,37638600.0
2020-06-05,56.38999938964844,56.70000076293945,54.34000015258789,54.61000061035156,52.41876220703125,39799100.0
2020-06-08,54.97999954223633,55.650001525878906,53.97999954223633,54.779998779296875,52.581939697265625,27456500.0
2020-06-09,54.15999984741211,54.9900016784668,54.119998931884766,54.9900016784668,52.78351593017578,19860000.0
2020-06-10,54.90999984741211,55.20000076293945,53.7599983215332,54.20000076293945,52.02521514892578,24321300.0
2020-06-12,53.709999084472656,54.04999923706055,51.97999954223633,53.400001525878906,51.25731658935547,31223700.0
2020-06-15,52.5,54.43000030517578,52.130001068115234,53.880001068115234,51.718055725097656,27425600.0
2020-06-16,55.4900016784668,55.5,54.220001220703125,55.38999938964844,53.16746520996094,29329400.0
2020-06-17,55.4900016784668,56.439998626708984,55.150001525878906,56.20000076293945,53.94496536254883,27840000.0
2020-06-18,56.29999923706055,56.540000915527344,55.61000061035156,56.16999816894531,53.91616439819336,25770000.0
2020-06-19,56.33000183105469,56.599998474121094,54.709999084472656,55.16999816894531,52.95629119873047,38079900.0
2020-06-22,55.0,55.349998474121094,54.43000030517578,55.0,52.793113708496094,14891400.0
2020-06-23,55.529998779296875,56.560001373291016,55.369998931884766,55.59000015258789,53.359439849853516,18272700.0
2020-06-24,56.25,56.2599983215332,54.81999969482422,55.38999938964844,53.16746520996094,18156600.0
2020-06-25,55.5,56.150001525878906,54.869998931884766,56.0,53.75299072265625,17051900.0
2020-06-26,55.900001525878906,56.95000076293945,55.209999084472656,55.619998931884766,53.38823699951172,21655500.0
2020-06-29,55.439998626708984,55.90999984741211,54.84000015258789,55.630001068115234,53.39783477783203,15453400.0
2020-06-30,55.439998626708984,56.540000915527344,55.0099983215332,55.91999816894531,53.67619705200195,27462900.0
2020-07-01,56.08000183105469,56.08000183105469,54.04999923706055,54.540000915527344,52.3515739440918,28999400.0
2020-07-02,54.849998474121094,55.7400016784668,54.75,55.4900016784668,53.26345443725586,24148500.0
2020-07-03,55.20000076293945,55.70000076293945,54.93000030517578,55.2599983215332,53.04267883300781,7831800.0
2020-07-06,56.09000015258789,56.7400016784668,55.59000015258789,56.56999969482422,54.30011749267578,23609900.0
2020-07-07,56.7400016784668,56.97999954223633,56.099998474121094,56.369998931884766,54.1081428527832,13598400.0
2020-07-08,56.900001525878906,57.720001220703125,55.790000915527344,57.31999969482422,55.020023345947266,32634600.0
2020-07-09,57.52000045776367,57.68000030517578,56.060001373291016,56.41999816894531,54.15613555908203,19741600.0
2020-07-10,56.52000045776367,57.29999923706055,56.15999984741211,56.970001220703125,54.6840705871582,14728100.0
2020-07-13,57.72999954223633,59.220001220703125,57.650001525878906,57.650001525878906,55.33678436279297,28780200.0
2020-07-14,57.91999816894531,61.970001220703125,57.900001525878906,61.70000076293945,59.22427749633789,52234500.0
2020-07-15,62.29999923706055,62.93000030517578,60.38999938964844,61.790000915527344,59.310665130615234,29833100.0
2020-07-16,61.29999923706055,61.689998626708984,59.849998474121094,60.119998931884766,57.707672119140625,22788400.0
2020-07-17,60.5,61.25,60.31999969482422,61.040000915527344,58.59075927734375,18896400.0
2020-07-20,61.119998931884766,61.4900016784668,60.349998474121094,60.79999923706055,58.36038589477539,16491500.0
2020-07-21,60.439998626708984,60.47999954223633,59.27000045776367,59.70000076293945,57.304527282714844,29043600.0
2020-07-22,59.93000030517578,60.25,58.79999923706055,59.2400016784668,56.86298370361328,19644700.0
2020-07-23,59.900001525878906,60.15999984741211,58.63999938964844,58.849998474121094,56.48863220214844,17291900.0
2020-07-24,58.56999969482422,58.849998474121094,57.81999969482422,58.599998474121094,56.248661041259766,22544100.0
2020-07-27,59.099998474121094,61.630001068115234,58.97999954223633,61.369998931884766,58.90751647949219,35124800.0
2020-07-28,60.70000076293945,61.15999984741211,60.20000076293945,60.34000015258789,57.918846130371094,21707500.0
2020-07-29,61.209999084472656,62.95000076293945,60.849998474121094,62.95000076293945,60.42411804199219,29486600.0
2020-07-30,62.29999923706055,62.369998931884766,60.650001525878906,61.27000045776367,58.81153106689453,32210700.0
2020-07-31,61.099998474121094,62.209999084472656,60.5,60.709999084472656,58.27399826049805,26318800.0
2020-08-03,61.86000061035156,62.66999816894531,60.2599983215332,60.2599983215332,57.8420524597168,35910500.0
2020-08-04,60.2599983215332,60.84000015258789,59.36000061035156,60.70000076293945,58.264400482177734,182535800.0
2020-08-05,61.900001525878906,62.900001525878906,61.849998474121094,62.189998626708984,59.69461441040039,36999600.0
2020-08-06,62.619998931884766,62.880001068115234,61.279998779296875,61.83000183105469,59.34906005859375,22468400.0
2020-08-07,61.38999938964844,61.38999938964844,59.779998779296875,60.45000076293945,58.02443313598633,28427400.0
2020-08-10,60.70000076293945,62.20000076293945,60.40999984741211,62.20000076293945,59.7042121887207,29341400.0
2020-08-11,62.790000915527344,62.81999969482422,60.15999984741211,60.279998779296875,57.86125183105469,23822800.0
2020-08-12,60.880001068115234,62.290000915527344,60.58000183105469,61.5,59.03229904174805,29627900.0
2020-08-13,61.400001525878906,62.15999984741211,60.11000061035156,60.349998474121094,57.928443908691406,24906200.0
2020-08-14,60.349998474121094,61.43000030517578,60.29999923706055,61.349998474121094,58.8883171081543,17848800.0
2020-08-17,61.779998779296875,62.599998474121094,61.150001525878906,62.22999954223633,59.733009338378906,42786400.0
2020-08-18,63.29999923706055,63.70000076293945,62.849998474121094,63.060001373291016,60.52970504760742,32205700.0
2020-08-19,63.40999984741211,63.880001068115234,62.33000183105469,62.38999938964844,59.88658905029297,23537900.0
2020-08-20,61.81999969482422,63.5,61.66999816894531,62.95000076293945,60.42411804199219,25866600.0
2020-08-21,62.40999984741211,62.790000915527344,61.5099983215332,62.20000076293945,59.7042121887207,27242700.0
2020-08-24,62.939998626708984,63.130001068115234,62.2400016784668,62.959999084472656,60.4337158203125,17944700.0
2020-08-25,62.79999923706055,62.84000015258789,61.04999923706055,61.619998931884766,59.147483825683594,23543000.0
2020-08-26,61.65999984741211,62.349998474121094,61.2400016784668,61.75,59.27227020263672,23924400.0
2020-08-27,61.689998626708984,62.18000030517578,60.33000183105469,60.790000915527344,58.350791931152344,18201900.0
2020-08-28,61.18000030517578,61.70000076293945,60.630001068115234,61.099998474121094,58.64834976196289,15040300.0
2020-08-31,61.099998474121094,61.150001525878906,59.68000030517578,59.68000030517578,57.28532791137695,31080000.0
2020-09-01,60.290000915527344,61.790000915527344,60.20000076293945,61.7599983215332,59.28186798095703,24197700.0
2020-09-02,61.900001525878906,62.34000015258789,60.31999969482422,61.31999969482422,58.85952377319336,21797200.0
2020-09-03,60.0,60.54999923706055,58.849998474121094,59.31999969482422,56.93977355957031,36117400.0
2020-09-04,59.709999084472656,60.5,58.70000076293945,60.4900016784668,58.062828063964844,26636700.0
2020-09-08,59.59000015258789,59.7599983215332,58.90999984741211,59.27000045776367,56.891780853271484,14663800.0
2020-09-09,59.900001525878906,60.33000183105469,59.369998931884766,60.0,57.59248733520508,16481700.0
2020-09-10,60.0,60.20000076293945,58.31999969482422,58.529998779296875,56.18147277832031,19431400.0
2020-09-11,60.04999923706055,62.29999923706055,59.84000015258789,61.95000076293945,59.4642448425293,46057000.0
2020-09-14,62.79999923706055,63.349998474121094,61.380001068115234,61.90999984741211,59.42584991455078,35710200.0
2020-09-15,62.709999084472656,63.650001525878906,62.150001525878906,62.599998474121094,60.08816146850586,32570600.0
2020-09-16,62.31999969482422,62.5,60.650001525878906,60.970001220703125,58.52356719970703,28843500.0
2020-09-17,60.400001525878906,62.41999816894531,60.11000061035156,62.08000183105469,59.58903121948242,31397500.0
2020-09-18,62.47999954223633,63.099998474121094,61.65999984741211,61.65999984741211,59.18587875366211,33143800.0
2020-09-21,61.04999923706055,61.38999938964844,59.439998626708984,60.0,57.59248733520508,53120800.0
2020-09-22,58.13999938964844,58.279998779296875,57.150001525878906,57.810001373291016,57.810001373291016,23996200.0
2020-09-23,57.66999816894531,59.61000061035156,57.060001373291016,59.099998474121094,59.099998474121094,37365600.0
2020-09-24,59.689998626708984,59.779998779296875,58.439998626708984,58.65999984741211,58.65999984741211,31607500.0
2020-09-25,58.349998474121094,59.45000076293945,58.20000076293945,59.25,59.25,27582200.0
2020-09-28,59.939998626708984,60.2400016784668,58.70000076293945,58.779998779296875,58.779998779296875,30265400.0
2020-09-29,58.72999954223633,59.959999084472656,58.349998474121094,58.349998474121094,58.349998474121094,26201600.0
2020-09-30,59.209999084472656,60.27000045776367,58.75,59.11000061035156,59.11000061035156,25947500.0
2020-10-01,59.529998779296875,59.849998474121094,58.02000045776367,58.86000061035156,58.86000061035156,22852700.0
2020-10-02,58.61000061035156,59.439998626708984,58.11000061035156,58.31999969482422,58.31999969482422,23668800.0
2020-10-05,58.900001525878906,59.84000015258789,58.75,59.59000015258789,59.59000015258789,17887200.0
2020-10-06,60.0099983215332,60.279998779296875,58.209999084472656,58.619998931884766,58.619998931884766,21951600.0
2020-10-07,59.13999938964844,60.7599983215332,58.959999084472656,60.16999816894531,60.16999816894531,27276500.0
2020-10-08,60.349998474121094,61.4900016784668,60.060001373291016,61.290000915527344,61.290000915527344,22207400.0
2020-10-09,61.689998626708984,61.939998626708984,60.849998474121094,61.599998474121094,61.599998474121094,21120900.0
2020-10-13,61.27000045776367,62.63999938964844,61.029998779296875,62.13999938964844,62.13999938964844,18602200.0
2020-10-14,62.08000183105469,63.290000915527344,62.040000915527344,63.0,63.0,22210600.0
2020-10-15,62.40999984741211,62.86000061035156,61.97999954223633,62.470001220703125,62.470001220703125,16309700.0
2020-10-16,62.70000076293945,63.099998474121094,62.2400016784668,62.2400016784668,62.2400016784668,15783800.0
2020-10-19,62.72999954223633,63.18000030517578,61.95000076293945,61.95000076293945,61.95000076293945,29156200.0
2020-10-20,61.779998779296875,62.290000915527344,61.33000183105469,61.84000015258789,61.84000015258789,25276800.0
2020-10-21,61.650001525878906,63.209999084472656,61.599998474121094,62.849998474121094,62.849998474121094,21480900.0
2020-10-22,63.11000061035156,63.4900016784668,62.439998626708984,63.099998474121094,63.099998474121094,32097700.0
2020-10-23,62.619998931884766,63.88999938964844,62.220001220703125,63.47999954223633,63.47999954223633,20995000.0
2020-10-26,62.900001525878906,63.45000076293945,62.0099983215332,62.5,62.5,18250900.0
2020-10-27,62.5,62.900001525878906,62.060001373291016,62.529998779296875,62.529998779296875,18155500.0
2020-10-28,61.95000076293945,62.06999969482422,60.25,60.2599983215332,60.2599983215332,23686100.0
2020-10-29,60.970001220703125,62.2400016784668,59.790000915527344,62.02000045776367,62.02000045776367,37998800.0
2020-10-30,61.79999923706055,62.40999984741211,60.0099983215332,60.54999923706055,60.54999923706055,27476200.0
2020-11-03,61.900001525878906,63.34000015258789,61.220001220703125,63.34000015258789,63.34000015258789,32900800.0
2020-11-04,63.279998779296875,63.279998779296875,61.45000076293945,61.58000183105469,61.58000183105469,27932100.0
2020-11-05,62.29999923706055,63.060001373291016,61.45000076293945,62.54999923706055,62.54999923706055,25563600.0
2020-11-06,62.380001068115234,63.959999084472656,62.34000015258789,63.34000015258789,63.34000015258789,21039200.0
2020-11-09,64.1500015258789,64.2699966430664,62.869998931884766,63.189998626708984,63.189998626708984,37728900.0
2020-11-10,63.2400016784668,63.59000015258789,62.689998626708984,63.15999984741211,63.15999984741211,53960600.0
2020-11-11,63.18000030517578,63.91999816894531,63.0,63.599998474121094,63.599998474121094,25908500.0
2020-11-12,63.56999969482422,63.77000045776367,62.459999084472656,62.66999816894531,62.66999816894531,23726500.0
2020-11-13,62.72999954223633,63.54999923706055,62.61000061035156,63.15999984741211,63.15999984741211,18662400.0
2020-11-16,63.5,65.33999633789062,62.970001220703125,64.91999816894531,64.91999816894531,91477900.0
2020-11-17,64.80000305175781,68.0999984741211,64.80000305175781,66.97000122070312,66.97000122070312,62475900.0
2020-11-18,66.98999786376953,67.38999938964844,66.06999969482422,66.44999694824219,66.44999694824219,22854400.0
2020-11-19,66.70999908447266,67.72000122070312,66.47000122070312,67.72000122070312,67.72000122070312,25928500.0
2020-11-23,68.80999755859375,71.31999969482422,68.5,71.29000091552734,71.29000091552734,38662400.0
2020-11-24,71.05000305175781,74.88999938964844,70.18000030517578,74.80000305175781,74.80000305175781,49842200.0
2020-11-25,73.80000305175781,75.9000015258789,73.61000061035156,75.5,75.5,36269100.0
2020-11-26,75.41999816894531,76.5999984741211,75.4000015258789,76.56999969482422,76.56999969482422,20359000.0
2020-11-27,77.0,78.77999877929688,76.7699966430664,78.19999694824219,78.19999694824219,35777100.0
2020-11-30,78.8499984741211,79.36000061035156,77.12000274658203,78.0,78.0,48594200.0
2020-12-01,79.83000183105469,81.5,79.25,81.25,81.25,61441200.0
2020-12-02,80.9000015258789,81.25,77.30999755859375,79.83999633789062,79.83999633789062,53703300.0
2020-12-03,81.0,81.05000305175781,78.61000061035156,78.95999908447266,78.95999908447266,35158600.0
2020-12-04,80.0999984741211,82.68000030517578,80.0999984741211,82.2699966430664,82.2699966430664,38441000.0
2020-12-07,82.41999816894531,82.98999786376953,81.66999816894531,82.94999694824219,82.94999694824219,27398500.0
2020-12-08,82.97000122070312,83.30000305175781,81.66000366210938,82.9000015258789,82.9000015258789,28598800.0
2020-12-09,83.0999984741211,83.83000183105469,82.22000122070312,82.69999694824219,82.69999694824219,26938500.0
2020-12-10,83.6500015258789,85.22000122070312,83.19999694824219,85.0,85.0,41230700.0
2020-12-11,84.62000274658203,85.27999877929688,84.4000015258789,84.76000213623047,84.76000213623047,17825100.0
2020-12-14,85.19999694824219,85.22000122070312,82.94999694824219,83.55000305175781,83.55000305175781,20931700.0
2020-12-15,83.55000305175781,85.37999725341797,83.55000305175781,84.5,84.5,18762800.0
2020-12-16,84.9000015258789,86.2300033569336,84.36000061035156,86.22000122070312,86.22000122070312,23038300.0
2020-12-17,86.5,87.94999694824219,86.16999816894531,87.19999694824219,87.19999694824219,21367800.0
2020-12-18,87.62000274658203,88.3499984741211,87.43000030517578,88.19000244140625,88.19000244140625,13534400.0
2020-12-21,86.1500015258789,87.4000015258789,84.77999877929688,86.86000061035156,86.86000061035156,31877300.0
2020-12-22,86.86000061035156,86.98999786376953,85.43000030517578,86.94000244140625,86.94000244140625,23157000.0
2020-12-23,86.52999877929688,87.52999877929688,86.4000015258789,87.36000061035156,87.36000061035156,17710200.0
2020-12-28,87.79000091552734,88.58000183105469,87.08000183105469,87.30999755859375,87.30999755859375,26001300.0
